model,accuracy,balanced_accuracy,f1_macro,f1_weighted,cohen_kappa,n_test
rf,0.6666666666666666,0.5,0.4,0.5333333333333334,0.0,72
logreg,0.6666666666666666,0.5,0.4,0.5333333333333334,0.0,72
