model,accuracy,f1_macro,n_train,n_test,test_years
logreg,0.6666666666666666,0.4,240,72,2022
random_forest,0.6666666666666666,0.4,240,72,2022
svm,0.6666666666666666,0.3333333333333333,240,72,2022
xgboost,0.2916666666666667,0.15217391304347824,240,72,2022
